BattingOrder,BA,OBP,BOFTJ,BAFTJ,OBPFTJ
1,0.27,0.354,1,0.317,0.379
2,0.216,0.289,2,0.216,0.289
3,0.256,0.334,3,0.256,0.334
4,0.265,0.31,4,0.265,0.31
5,0.234,0.304,5,0.234,0.304
6,0.239,0.321,6,0.239,0.321
7,0.216,0.283,7,0.216,0.283
8,0.233,0.321,8,0.233,0.321
9,0.185,0.235,9,0.185,0.235